angelini,0,0,1,NULL,NULL,NULL,NULL,NULL,NULL,NULL,NULL,0,NULL
anonymous,0,0,1,NULL,NULL,NULL,NULL,NULL,NULL,NULL,NULL,0,NULL
andreyev                      ,0,0,1,NULL,NULL,NULL,NULL,NULL,NULL,NULL,NULL,0,NULL
adiallo,0,0,1,,,,,,Ahmed,Diallo,Ahmed Diallo,0,NULL
ACEDO                         ,0,0,1,,,,,,,, ,0,NULL
abraham,0,0,1,NULL,NULL,NULL,NULL,NULL,NULL,NULL,NULL,0,NULL
abader,0,0,1,,,,abader@mit.edu,NW17-281,Aaron,Bader ,Aaron Bader ,0,NULL
akanojia,0,0,1,NULL,NULL,NULL,NULL,NULL,NULL,NULL,NULL,0,NULL
agraf,0,0,1,,,,agraf@psfc.mit.edu,,Alex,Graf,Alex Graf,0,NULL
beals                         ,0,0,1,3-8683,,,beals@psfc.mit.edu,NW21-107,Dexter,Beals,Dexter Beals,0,NULL
arapowell,0,0,1,NULL,NULL,NULL,NULL,NULL,NULL,NULL,NULL,0,NULL
arsenault                     ,0,0,1,3-8616,,,arsenault@psfc.mit.edu,NW21-119,Dave,Arsenault,Dave Arsenault,0,NULL
ARTUR,0,0,0,,,,,,Artur,Niemczewski,Artur Niemczewski,0,NULL
atronchi,0,0,1,NULL,NULL,NULL,NULL,NULL,NULL,NULL,NULL,0,NULL
BDB112                        ,0,0,1,,,,Boyd.Blackwell@anu.edu.au,,Boyd,Blackwell,Boyd Blackwell,0,NULL
bakhtiari,0,0,1,(608) 263-7289 ,,,,University of Wisconsin-Madison,Mohammad,Bakhtiari,Mohammad Bakhtiari,0,NULL
basse                         ,0,0,1,3-5523,,,basse@psfc.mit.edu,NW17-172,Nils,Basse,Nils Basse,0,NULL
behlmann,0,0,1,NULL,NULL,NULL,NULL,NULL,NULL,NULL,NULL,0,NULL
bernabei,0,0,1,609-243-2562,,,sbernabei@pppl.gov,Princeton University, PO Box 451, Princeton, New Jersey  08543-045,Stefano,Bernabei,Stefano Bernabei,0,NULL
bernert,0,0,1,NULL,NULL,NULL,NULL,NULL,NULL,NULL,NULL,0,NULL
bertolino                     ,0,1,0,,,,,,Vinny,Bertolino,Vinny Bertolino,0,NULL
bespam,0,0,1,NULL,NULL,NULL,NULL,NULL,NULL,NULL,NULL,0,NULL
binus,0,0,1,NULL,NULL,NULL,NULL,NULL,NULL,NULL,NULL,0,NULL
blip                          ,0,0,1,,,,blip@psfc.mit.edu,,Bruce,Lipschultz,Bruce Lipschultz,0,NULL
brookman,0,0,1,NULL,NULL,NULL,NULL,NULL,NULL,NULL,NULL,0,NULL
boivin                        ,0,0,0,,,,boivin@psfc.mit.edu,,Rejean,Boivin,Rejean Boivin,0,NULL
bombarda                      ,0,0,1,,,,bombarda@psfc.mit.edu,,Francesca,Bombarda,Francesca Bombarda,0,NULL
bonoli                        ,0,0,1,3-0992,8-6257,,bonoli@psfc.mit.edu,NW17-121,Paul,Bonoli,Paul Bonoli,0,NULL
borras                        ,0,0,1,NULL,NULL,NULL,NULL,NULL,NULL,NULL,NULL,0,NULL
bosco                         ,0,0,1,,,,bosco@psfc.mit.edu,,Joe,Bosco,Joe Bosco,0,NULL
BOSE                          ,0,0,1,3-8673,,,bose@psfc.mit.edu,NW17-169,Brock,Bose,Brock Bose,0,NULL
BOSWELL                       ,0,0,0,,,,boswell@psfc.mit.edu,,Chris,Boswell,Chris Boswell,0,NULL
bravenec                      ,0,0,1,,,,bravenec@psfc.mit.edu,,Ronald,Bravenec,Ronald Bravenec,0,NULL
bretz                         ,0,0,0,,,,,,Norton,Bretz,Norton Bretz,0,NULL
brunner,0,0,1,,,,brunner@psfc.mit.edu,,Dan,Brunner,Dan Brunner,0,NULL
cgao,0,0,1,,,,,,Chi,Gao,Chi Gao,0,NULL
CASEY,0,0,0,,,,,,Jeff,Casey,Jeff Casey,0,NULL
byford                        ,0,1,1,3-5982,,,byford@psfc.mit.edu,NW21-109,Bill,Byford,Bill Byford,0,NULL
burke                         ,0,0,1,3-8429,,,burke@psfc.mit.edu,NW21-111,William,Burke,William Burke,0,NULL
cgiroud,0,0,1,,,,Carine.Giroud@ccfe.ac.uk,,Carine,Giroud,Carine Giroud,0,NULL
ckasten,0,0,1,NULL,NULL,NULL,NULL,NULL,NULL,NULL,NULL,0,NULL
cochran                       ,0,1,1,,,,cochran@psfc.mit.edu,,Bill,Cochran,Bill Cochran,0,NULL
cornwall,0,0,1,,,,cornwall@mit.edu,,Cornwall,Lau,Cornwall Lau,0,NULL
christensen                   ,0,0,1,NULL,NULL,NULL,NULL,NULL,NULL,NULL,NULL,0,NULL
creely,0,0,1,,,,creely@psfc.mit.edu,,Alex,Creely,Alex Creely,0,NULL
cschwartz                     ,0,0,1,3-6027,,,cschwartz@psfc.mit.edu,NW21-204,Charles,Schwartz,Charles Schwartz,0,NULL
csp                           ,0,0,1,,,,,,Spencer,Pitcher,Spencer Pitcher,0,NULL
cziegler,0,0,1,617.253.8177,,,cziegler@psfc.mit.edu,NW17-281,Istvan,Cziegler,Istvan Cziegler,0,NULL
djohnson,0,0,1,NULL,NULL,NULL,NULL,NULL,NULL,NULL,NULL,0,NULL
degrassie,0,0,1,,,,degrassie@fusion.gat.com,,John,Degrassie,John Degrassie,0,NULL
DEKOW                         ,0,1,1,3-6177,,,dekow@psfc.mit.edu,NW21-106,Gary,Dekow,Gary Dekow,0,NULL
dernst                        ,0,0,1,3-0478,,,dernst@psfc.mit.edu,NW16-258,Darin,Ernst,Darin Ernst,0,NULL
dominguez,0,0,1,,,,,,Arturo,Dominguez,Arturo Dominguez,0,NULL
dmitrim                       ,0,0,0,3-0885,,,mossessian@psfc.mit.edu,NW17-180,Dmitri,Mossessian,Dmitri Mossessian,0,NULL
dterry                        ,0,0,1,3-5453,,,dterry@psfc.mit.edu,NW21-188,Dave,Terry,Dave Terry,0,NULL
delaneym                      ,0,0,1,NULL,NULL,NULL,NULL,NULL,NULL,NULL,NULL,0,NULL
duval,0,0,1,,,,basil.duval@epfl.ch ,,Basil ,Duval,Basil Duval,0,NULL
dunne,0,0,1,,,,dunne@psfc.mit.edu,,Mike ,Dunne,Mike Dunne,0,NULL
edlund                        ,0,0,1,617-225-6102,,,eedlund@mit.edu,NW30-021,Eric,Edlund,Eric Edlund,0,NULL
emd,0,0,1,NULL,NULL,NULL,NULL,NULL,NULL,NULL,NULL,0,NULL
engops                        ,0,0,1,,,,,,Engineering,Operator,Engineering Operator,0,NULL
eisner                        ,0,0,1,,,,,,E.C.,Eisner,E.C. Eisner,0,NULL
ennever,0,0,1,,,,ennever@psfc.mit.edu,,Paul,Ennever,Paul Ennever,0,NULL
fairfax                       ,1,1,0,,,,fairfax@psfc.mit.edu,,Steve,Fairfax,Steve Fairfax,0,NULL
faustian,0,0,1,,,,,,Ian,Faust,Ian Faust,0,NULL
fiore                         ,0,0,1,3-8440,,,fiore@psfc.mit.edu,NW21-203,Catherine,Fiore,Catherine Fiore,0,NULL
fitzgerald                    ,0,1,1,,,,fitzgerald@psfc.mit.edu,,Ed,Fitzgerald,Ed Fitzgerald,0,NULL
fjk                           ,0,0,1,3-8625,,,fjk@psfc.mit.edu,NW21-207,Felix,Kreisel,Felix Kreisel,0,NULL
flr,0,0,1,NULL,NULL,NULL,NULL,NULL,NULL,NULL,NULL,0,NULL
golfit,0,0,1,,,,golfit@psfc.mit.edu,,Theodore,Golfinopoulos,Theodore Golfinopoulos,0,NULL
golovato,0,0,1,,,,,,Steve,Golovato,Steve Golovato,0,NULL
G                             ,0,0,1,(617)253-6053 ,(617)253-5391,,g@psfc.mit.edu,NW17-107,Martin,Greenwald,Martin Greenwald,0,NULL
gentle                        ,0,0,1,512-471-7581,,,k.gentle@mail.utexas.edu,1 University Station Stop C1600,Ken,Gentle,Ken Gentle,0,NULL
gierse,0,0,1,NULL,NULL,NULL,NULL,NULL,NULL,NULL,NULL,0,NULL
goetz                         ,1,0,0,,,,,,John,Goetz,John Goetz,0,NULL
graf,0,0,1,NULL,NULL,NULL,NULL,NULL,Michael,Graf,Michael Graf,0,NULL
garcia,0,0,1,NULL,NULL,NULL,NULL,NULL,NULL,NULL,NULL,0,NULL
garnier                       ,0,0,1,8-8997,,,garnier@psfc.mit.edu,NW17-209,Darren,Garnier,Darren Garnier,0,NULL
golynyk,0,0,1,,,,golynyk@mit.edu,,Geoff,Olynyk,Geoff Olynyk,0,NULL
granetz                       ,1,0,1,3-8634,,,granetz@psfc.mit.edu,NW17-184,Robert,Granetz,Robert Granetz,0,NULL
guttenfe,0,0,1,,,,,,Walter,Guttenfelder,Walter Guttenfelder,0,NULL
harryhan,0,0,1,NULL,NULL,NULL,NULL,NULL,NULL,NULL,NULL,0,NULL
groebner,0,0,1,,,,,,Richard,Groebner,Richard Groebner,0,NULL
grulke                        ,0,0,0,,,,grulke@psfc.mit.edu,,Olaf,Grulke,Olaf Grulke,0,NULL
guest                         ,0,0,1,NULL,NULL,NULL,NULL,NULL,NULL,NULL,NULL,0,NULL
gung,0,0,1,NULL,NULL,NULL,NULL,NULL,NULL,NULL,NULL,0,NULL
hbar,0,0,1,NULL,NULL,NULL,NULL,NULL,NULL,NULL,NULL,0,NULL
heard                         ,0,0,1,,,,,,John,Heard,John Heard,0,NULL
hender                        ,0,0,1,,,,,,T.C.,Hender,T.C. Hender,0,NULL
horne                         ,0,0,0,,,,,,Steve,Horne,Steve Horne,0,NULL
howell,0,0,1,,,,david.howell@ukaea.org.uk,,David,Howell,David Howell,0,NULL
hubbard                       ,0,0,1,3-3220,,,hubbard@psfc.mit.edu,NW17-113,Amanda,Hubbard,Amanda Hubbard,0,NULL
hutch                         ,1,0,1,3-8760,,,ihutch@mit.edu,24-107,Ian,Hutchinson,Ian Hutchinson,0,NULL
ince                          ,0,0,1,3-8449,,,aic@mit.edu,NW17-122,Alex,Ince-Cushman,Alex Ince-Cushman,0,NULL
irby                          ,1,0,1,,,,irby@psfc.mit.edu,,Jim,Irby,Jim Irby,0,NULL
houshmandyar,0,0,1,,,,,,Saeid,Houshmandyar,Saeid Houshmandyar,0,NULL
izzo,0,0,1,617-253-0885,,,izzo@psfc.mit.edu,NW17-180,Valerie,Izzo,Valerie Izzo,0,NULL
jablonski,0,0,1,,,,,,D,Jablonski,D Jablonski,0,NULL
jinseok                       ,0,0,1,3-6068,,,jinseok@mit.edu,NW17-170,Jin-Seok,Ko,Jin-Seok Ko,0,NULL
jliptac                       ,0,0,1,3-5401,,,jliptac@mit.edu,NW17-125,John,Liptac,John Liptac,0,NULL
kesner                        ,0,0,1,3-8662,,,kesner@psfc.mit.edu,NW17-213,Jay,Kesner,Jay Kesner,0,NULL
jas,0,0,1,(617) 253-8176,NULL,,jas@psfc.mit.edu,NW17-268,Josh,Stillerman,Josh Stillerman,0,NULL
jrwalk,0,0,1,,,,jrwalk@mit.edu,,John,Walk,John Walk,0,NULL
jwhughes                      ,1,0,1,2-1797,,,jwhughes@mit.edu,NW17-203,Jerry,Hughes,Jerry Hughes,0,NULL
kamiya,0,0,1,,,,,,,Kamiya, Kamiya,0,NULL
kessel,0,0,1,609-243-2294 ,,,ckessel@pppl.gov  ,PPPL,Chuck,Kessel,Chuck Kessel,0,NULL
kmarr                         ,0,0,1,,,,kmarr@mit.edu,,Kenneth,Marr,Kenneth Marr,0,NULL
khoury,0,0,1,NULL,NULL,NULL,NULL,NULL,NULL,NULL,NULL,0,NULL
lao,0,0,1,858-455-4598,,,lang.lao@gat.com,General Atomics, P.O. Box 85608, San Diego, CA 92186,Lang,Lao,Lang Lao,0,NULL
ldelgado,0,0,1,,,,ldelgado@psfc.mit.edu,,Luis Felipe,Delgado-Aparicio,Luis Felipe Delgado-Aparicio,0,NULL
KIRILL                        ,0,0,1,3-3351,,,kirill@mit.edu,NW17-125,Kirill,Zhurovich,Kirill Zhurovich,0,NULL
kuang,0,0,1,,,,aqkuang@mit.edu,,Adam,Kuang,Adam Kuang,0,NULL
jrwilson                      ,0,0,1,,,,jrwilson@pppl.gov,,J. Randall,Wilson,J. Randall Wilson,0,NULL
krsmith,0,0,1,39853,,,krsmith@mit.edu,NW21-281,Kelly,Smith,Kelly Smith,0,NULL
labombard                     ,0,0,1,3-7264,,,labombard@psfc.mit.edu,NW17-109,Brian,Labombard,Brian Labombard,0,NULL
lianglin                      ,0,0,1,3-0025,,,linaglin@mit.edu,NW17-169,Liang,Lin,Liang Lin,0,NULL
liao,0,0,1,,,,kenliao@physics.utexas.edu,,Ken ,Liao,Ken Liao,0,NULL
lo                            ,0,0,1,NULL,NULL,NULL,NULL,NULL,NULL,NULL,NULL,0,NULL
loarte,0,0,1,,,,alberto.loarte@iter.org,,Alberto,Loarte,Alberto Loarte,0,NULL
lore,0,0,1,,,,,,Jeremy,Lore,Jeremy Lore,0,NULL
luke,0,0,0,,,,,,Tom,Luke,Tom Luke,0,NULL
lynn                          ,0,0,1,,,,alanlynn@physics.utexas.edu,,Alan,Lynn,Alan Lynn,0,NULL
markchil,0,0,1,3-9878,,,markchil@MIT.EDU,NW17-221,Mark,Chilenski,Mark Chilenski,0,NULL
marmar                        ,1,0,1,3-5455,3-5391,,marmar@psfc.mit.edu,NW17-186,Earl,Marmar,Earl Marmar,0,NULL
martineh,0,0,1,NULL,NULL,NULL,martineh@ornl.gov,NULL,Elijah,Martin,Elijah Martin,0,NULL
may                           ,0,0,0,925-423-9553,,,may13@llnl.gov,,Mark,May,Mark May,0,NULL
mazurenko                     ,0,0,1,NULL,NULL,NULL,NULL,NULL,NULL,NULL,NULL,0,NULL
mccracken                     ,0,0,1,,,,,,Gary,McCracken,Gary McCracken,0,NULL
mdsplus                       ,0,0,1,,,,,,Data,System,Data System,0,NULL
mdsserver                     ,0,0,1,,,,,,Data,System,Data System,0,NULL
mrl                           ,0,0,1,3-8475,,,mrl@psfc.mit.edu,NW17-280,Mark,London,Mark London,0,NULL
mrobin,0,0,1,NULL,NULL,NULL,NULL,NULL,NULL,NULL,NULL,0,NULL
mumgaard,0,0,1,,,,,,Bob,Mumgaard,Bob Mumgaard,0,NULL
murray                        ,0,0,1,3-8480,,,murray@psfc.mit.edu,NW21-111B,Rick ,Murray,Rick Murray,0,NULL
meade                         ,0,0,1,609-243-3301,,,dmeade@pppl.gov,,Dale,Meade,Dale Meade,0,NULL
melby                         ,0,0,1,,,,,,E. Nelson,Melby,E. Nelson Melby,0,NULL
mferrara                      ,0,0,1,3-8507,,,mferrara@mit.edu,NW17-216,Marco,Ferrara,Marco Ferrara,0,NULL
mgarrett,0,0,1,,,,,,Mike,Garrett,Mike Garrett,0,NULL
mikk                          ,0,0,1,609-243-2624,,,dmikkelsen@pppl.gov,,David,Mikkelsen,David Mikkelsen,0,NULL
miller,0,0,1,NULL,NULL,NULL,NULL,NULL,NULL,NULL,NULL,0,NULL
minhdinh,0,0,1,NULL,NULL,NULL,NULL,NULL,NULL,NULL,NULL,0,NULL
mirap,0,0,1,NULL,NULL,NULL,NULL,NULL,NULL,NULL,NULL,0,NULL
mlreinke,0,0,1,,,,mlreinke@psfc.mit.edu,,Matt,Reinke,Matt Reinke,0,NULL
mochung,0,0,1,NULL,NULL,NULL,NULL,NULL,NULL,NULL,NULL,0,NULL
mordijck,0,0,0,,,,mordijck@psfc.mit.edu,,Saskia,Mordijck,Saskia Mordijck,0,NULL
mossessian                    ,1,0,0,3-0885,,,mossessian@psfc.mit.edu,NW17-180,Dmitri,Mossessian,Dmitri Mossessian,0,NULL
normandy,0,0,1,,,,normandy@psfc.mit.edu,,Norman ,Cao,Norman Cao,0,NULL
nsiefert,0,0,1,NULL,NULL,NULL,NULL,NULL,NULL,NULL,NULL,0,NULL
nsmick                        ,0,0,1,3-8697,,,nsmick@mit.edu,NW17-169,Noah,Smick,Noah Smick,0,NULL
nachtrieb                     ,0,0,1,,,,,,Rob,Nachtrieb,Rob Nachtrieb,0,NULL
NAKAMURA                      ,0,0,1,NULL,NULL,NULL,NULL,NULL,NULL,NULL,NULL,0,NULL
parisot                       ,0,0,1,3-2374,,,parisot@mit.edu,NW17-281,Alexandre,Parisot,Alexandre Parisot,0,NULL
orso,0,0,1,617-253-0025,,,orso@mit.edu,NW17-155,Orso,Meneghini,Orso Meneghini,0,NULL
oshea                         ,0,0,1,,,,,,Peter,Oshea,Peter Oshea,0,NULL
oyama,0,0,1,,,,,,,Oyama, Oyama,0,NULL
nthoward,0,0,1,,,,howard@psfc.mit.edu,,Nathan ,Howard,Nathan Howard,0,NULL
ochoukov,0,0,1,,,,ochoukov@mit.edu,,Roman,Ochoukov,Roman Ochoukov,0,NULL
pablorf,0,0,1,,,,pablorf@psfc.mit.ed,,Pablo,Rodriguez-Fernandez,Pablo Rodriguez-Fernandez,0,NULL
pace,1,0,1,(617) 253-5471,,,pacedc@MIT.EDU, NW17-280,David,Pace,David Pace,0,NULL
PARKER                        ,1,0,1,8-6662,,,parker@psfc.mit.edu,NW17-288,Ron,Parker,Ron Parker,0,NULL
ntsujii,0,0,1,,,,ntsujii@psfc.mit.edu,,Naoto,Tsujii,Naoto Tsujii,0,NULL
pmac,0,0,1,NULL,NULL,NULL,NULL,NULL,NULL,NULL,NULL,0,NULL
parkin                        ,0,1,1,3-6506,,,parkin@psfc.mit.edu,NW21-108,Bill,Parkin,Bill Parkin,0,NULL
pbsnyder,0,0,1,,,,snyder@fusion.gat.com,,Phil,Snyder,Phil Snyder,0,NULL
pfeiffer                      ,0,1,1,3-8469,,,pfeiffer@psfc.mit.edu,NW21-189,Andy,Pfeiffer,Andy Pfeiffer,0,NULL
phillips                      ,0,0,1,,,,,,P.,Phillips,P. Phillips,0,NULL
pierson                       ,0,1,1,3-8469,,,pierson@psfc.mit.edu,NW21-189,Sam,Pierson,Sam Pierson,0,NULL
politzer                      ,0,0,1,,,,,,Peter,Politzer,Peter Politzer,0,NULL
porkolab                      ,0,0,1,3-8448,,,porkolab@psfc.mit.edu,NW16-288,Miklos,Porkolab,Miklos Porkolab,0,NULL
preynas,0,0,1,,,,,,Melanie,Preynas,Melanie Preynas,0,NULL
psfc-admin,0,0,1,NULL,NULL,NULL,NULL,NULL,NULL,NULL,NULL,0,NULL
putterich,0,0,1,,,,putterich@psfc.mit.edu,,Thomas,Pütterich,Thomas Pütterich,0,NULL
rachmcd                       ,0,0,1,3-8449,,,rachmcd@mit.edu,NW17-122,Rachael,Mcdermott,Rachael Mcdermott,0,NULL
reardon                       ,0,0,1,,,,,,John,Reardon,John Reardon,0,NULL
rice                          ,0,0,1,3-6052,3-5395,,rice@psfc.mit.edu,NW17-174,John,Rice,John Rice,0,NULL
riley,0,0,1,NULL,NULL,NULL,NULL,NULL,NULL,NULL,NULL,0,NULL
rmaingi,0,0,1,NULL,NULL,NULL,NULL,NULL,NULL,NULL,NULL,0,NULL
rmchurch,0,0,1,,,,,,Mike ,Churchill,Mike Churchill,0,NULL
root                          ,0,0,1,NULL,NULL,NULL,NULL,NULL,NULL,NULL,NULL,0,NULL
rost                          ,0,0,1,619-587-4817,,,rost@fusion.gat.com,NW16-289,Chris,Rost,Chris Rost,0,NULL
rtesfaye,0,1,1,,,,rtesfaye@psfc.mit.edu,NW21-107,Roza,Tesfaye,Roza Tesfaye,0,NULL
rwatterson,0,0,1,NULL,NULL,NULL,NULL,NULL,NULL,NULL,NULL,0,NULL
sampsell                      ,0,0,1,512-471-5648,,,sellam@mail.utexas.edu,,M.,Sampsell,M. Sampsell,0,NULL
rollins                       ,0,0,1,3-0156,8-5088,,rollins@psfc.mit.edu,NW21-173,Ed,Rollins,Ed Rollins,0,NULL
rowan                         ,1,0,1,3-8663,,,rowan@psfc.mit.edu,NW17-172,Bill,Rowan,Bill Rowan,0,NULL
rowell                        ,0,0,1,3-5434,,,rowell@psfc.mit.edu,NW21-183,Mike,Rowell,Mike Rowell,0,NULL
rrosati,0,0,1,NULL,NULL,NULL,NULL,NULL,NULL,NULL,NULL,0,NULL
schilling                     ,0,0,1,3-8680,,,gschilling@pppl.gov,NW17-207,Gerd,Schilling,Gerd Schilling,0,NULL
sanjayg                       ,0,0,1,NULL,NULL,NULL,NULL,NULL,NULL,NULL,NULL,0,NULL
sballinger,0,0,1,NULL,NULL,NULL,NULL,NULL,NULL,NULL,NULL,0,NULL
schachter                     ,0,0,1,,,,,,Jeff,Schachter,Jeff Schachter,0,NULL
schmidt,0,0,1,,,,aews@mit.edu,NW17-169,Andrea,Schmidt,Andrea Schmidt,0,NULL
scully,0,0,1,NULL,NULL,NULL,NULL,NULL,NULL,NULL,NULL,0,NULL
sears,0,0,1,,,,sears@psfc.mit.edu,,Jason,Sears,Jason Sears,0,NULL
sgbaek,0,0,1,,,,sgbaek@psfc.mit.edu,,Seung Gyou,Baek,Seung Gyou Baek,0,NULL
sck83,0,0,1,,,,sck83@mit.edu,,Choongki,Sung,Choongki Sung,0,NULL
shugayev,0,0,1,NULL,NULL,NULL,NULL,NULL,NULL,NULL,NULL,0,NULL
shinya,0,0,1,NULL,NULL,NULL,NULL,NULL,NULL,NULL,NULL,0,NULL
silveira,0,0,1,NULL,NULL,NULL,NULL,NULL,NULL,NULL,NULL,0,NULL
sips,0,0,1,+49 89 3299 1253 ,,,ccs@ipp.mpg.de,,Adrianus ,Sips,Adrianus Sips,0,NULL
shiraiwa,1,0,1,617-253-0885,,,shiraiwa@psfc.mit.edu,NW17-180,Syunichi,Shiraiwa,Syunichi Shiraiwa,0,NULL
snipes                        ,1,0,0,3-8698,,,snipes@psfc.mit.edu,NW17-178,Joseph,Snipes,Joseph Snipes,0,NULL
silva                         ,0,1,1,,,,,,Frank,Silva,Frank Silva,0,NULL
sherman                       ,0,0,1,,,,,,Stuart,Sherman,Stuart Sherman,0,NULL
sscott                        ,1,0,1,3-8695,,,sscott@psfc.mit.edu,NW17-182,Steve,Scott,Steve Scott,0,NULL
terry                         ,0,0,1,3-8637,,,terry@psfc.mit.edu,NW17-176,Jim,Terry,Jim Terry,0,NULL
testadmin,0,0,1,NULL,NULL,NULL,NULL,NULL,NULL,NULL,NULL,0,NULL
theiler,0,0,1,,,,theiler@psfc.mit.edu,,Christian,Theiler,Christian Theiler,0,NULL
sorci                         ,0,0,1,NULL,NULL,NULL,NULL,NULL,NULL,NULL,NULL,0,NULL
tbd,1,1,0,,,,,,To Be,Determined,To Be Determined,0,NULL
sunn                          ,0,0,1,,,,,,T. Sunn,Pederson,T. Sunn Pederson,0,NULL
synakowski,0,0,1,,,,synakows@pppl.gov,PPPL,Ed,Synakowski,Ed Synakowski,0,NULL
takase                        ,1,0,0,,,,takase@phys.s.u-tokyo.ac.jp,,Yuichi,Takase,Yuichi Takase,0,NULL
tala,0,0,1,,,,,,Tuomas,Tala,Tuomas Tala,0,NULL
taylor                        ,0,0,1,NULL,NULL,NULL,NULL,NULL,NULL,NULL,NULL,0,NULL
toland                        ,0,1,1,3-8655,,,toland@psfc.mit.edu,NW21-167,Thomas,Toland,Thomas Toland,0,NULL
tbiewer,0,0,1,NULL,NULL,NULL,NULL,NULL,NULL,NULL,NULL,0,NULL
tinios,0,0,0,,,,,,Gerry,Tinios,Gerry Tinios,0,NULL
tolman,0,0,1,NULL,NULL,NULL,NULL,NULL,NULL,NULL,NULL,0,NULL
w_davis                       ,0,0,1,NULL,NULL,NULL,NULL,NULL,NULL,NULL,NULL,0,NULL
WALEED,0,0,1,NULL,NULL,NULL,NULL,NULL,,Waleed, Waleed,0,NULL
wallaceg,1,0,1,,,,wallaceg@mit.edu,NW17,Greg,Wallace,Greg Wallace,0,NULL
tuttt                         ,0,0,1,NULL,NULL,NULL,NULL,NULL,NULL,NULL,NULL,0,NULL
twf,0,0,1,3-7623,,,twf@psfc.mit.edu,NW17-268,Tom,Fredian,Tom Fredian,0,NULL
twftest,0,0,1,NULL,NULL,NULL,NULL,NULL,NULL,NULL,NULL,0,NULL
tinguely,0,0,1,,,,tinguely@psfc.mit.edu,,Alex,Tinguely,Alex Tinguely,0,NULL
vtang                         ,0,0,1,3-9853,,,vtang@mit.edu,NW17-281,Vincent,Tang,Vincent Tang,0,NULL
umansky                       ,0,0,1,,,,umansky@llnl.gov,,Maxim,Umansky,Maxim Umansky,0,NULL
unknown,1,1,0,,,,,,,Unknown, Unknown,0,NULL
URBAHN,0,0,1,NULL,NULL,NULL,NULL,NULL,John,Urbahn,John Urbahn,0,NULL
wangbo,0,0,1,NULL,NULL,NULL,NULL,NULL,NULL,NULL,NULL,0,NULL
weathers                      ,0,0,1,NULL,NULL,NULL,NULL,NULL,NULL,NULL,NULL,0,NULL
wang,0,0,1,,,,,,Ying Wang,Wang,Ying Wang Wang,0,NULL
weaver                        ,0,0,1,,,,,,Jim,Weaver,Jim Weaver,0,NULL
welch                         ,0,0,1,,,,,,Ben,Welch,Ben Welch,0,NULL
wfbergerson,0,0,1,,,,,,Will,Bergerson,Will Bergerson,0,NULL
whitea,1,0,1,,,,whitea@psfc.mit.edu,,Anne,White,Anne White,0,NULL
wolfe                         ,1,0,1,3-5510,3-5352,,wolfe@psfc.mit.edu,NW17-101,Steve,Wolfe,Steve Wolfe,0,NULL
whyte,0,0,1,,,,whyte@engr.wisc.edu,,Dennis,Whyte,Dennis Whyte,0,NULL
ylin                          ,1,0,1,3-8706,,,ylin@psfc.mit.edu,NW21-103,Yijun,Lin,Yijun Lin,0,NULL
xjzhang,0,0,1,NULL,NULL,NULL,NULL,NULL,NULL,NULL,NULL,0,NULL
xupeng,0,0,1,,,,,,Peng,Xu,Peng Xu,0,NULL
wright,0,0,1,,,,wright@psfc.mit.edu,,Graham,Wright,Graham Wright,0,NULL
wukitch                       ,1,0,1,3-8138,,,wukitch@psfc.mit.edu,NW21-103,Steve,Wukitch,Steve Wukitch,0,NULL
yuh                           ,0,0,1,8-6593,,,yuh@psfc.mit.edu,NW17-203,Howard,Yuh,Howard Yuh,0,NULL
zhang,0,0,1,NULL,NULL,NULL,NULL,NULL,NULL,NULL,NULL,0,NULL
zweben                        ,0,0,1,3-3304,,,szweben@pppl.gov,NW17-207,Stewart,Zweben,Stewart Zweben,0,NULL
yma,0,0,1,,80638,,yma@psfc.mit.edu,,Yunxing,Ma,Yunxing Ma,0,NULL
yongkin                       ,0,0,1,NULL,NULL,NULL,NULL,NULL,NULL,NULL,NULL,0,NULL
ypodpaly,0,0,1,,,,ypodpaly@psfc.mit.edu,,Yuri,Podpaly,Yuri Podpaly,0,NULL
